Composer,Name,genre
Composer,Name,genre
Composer,Name,genre
Composer,Name,genre
Composer,Name,genre
Composer,Name,genre
Composer,Name,genre
Composer,Name,genre
Composer,Name,genre
Composer,Name,genre
Composer,Name,genre
Composer,Name,genre
Composer,Name,genre
Composer,Name,genre
Composer,Name,genre
Composer,Name,genre
Composer,Name,genre
Composer,Name,genre
Composer,Name,genre
Composer,Name,genre
Composer,Name,genre
Composer,Name,genre
Composer,Name,genre
Composer,Name,genre
Composer,Name,genre
Composer,Name,genre
Composer,Name,genre
Composer,Name,genre
Composer,Name,genre
Composer,Name,genre
Composer,Name,genre
Composer,Name,genre
Composer,Name,genre
Composer,Name,genre
Composer,Name,genre
Composer,Name,genre
Composer,Name,genre
Composer,Name,genre
Composer,Name,genre
Composer,Name,genre
Composer,Name,genre
Composer,Name,genre
Composer,Name,genre
Composer,Name,genre
Composer,Name,genre
Composer,Name,genre
Composer,Name,genre
Composer,Name,genre
Composer,Name,genre
Composer,Name,genre
Composer,Name,genre
Composer,Name,genre
Composer,Name,genre
Composer,Name,genre
Composer,Name,genre
Composer,Name,genre
Composer,Name,genre
Composer,Name,genre
Composer,Name,genre
Composer,Name,genre
Composer,Name,genre
Composer,Name,genre
Composer,Name,genre
Composer,Name,genre
Composer,Name,genre
Composer,Name,genre
Composer,Name,genre
Composer,Name,genre
Composer,Name,genre
Composer,Name,genre
Composer,Name,genre
Composer,Name,genre
Composer,Name,genre
Composer,Name,genre
Composer,Name,genre
Composer,Name,genre
Composer,Name,genre
Composer,Name,genre
Composer,Name,genre
Composer,Name,genre
Composer,Name,genre
Composer,Name,genre
Composer,Name,genre
Composer,Name,genre
Composer,Name,genre
Composer,Name,genre
Composer,Name,genre
Composer,Name,genre
Composer,Name,genre
Composer,Name,genre
Composer,Name,genre
Composer,Name,genre
Composer,Name,genre
Composer,Name,genre
Composer,Name,genre
Composer,Name,genre
Composer,Name,genre
Composer,Name,genre
Composer,Name,genre
Composer,Name,genre
Composer,Name,genre
Composer,Name,genre
Composer,Name,genre
Composer,Name,genre
Composer,Name,genre
Composer,Name,genre
Composer,Name,genre
Composer,Name,genre
Composer,Name,genre
Composer,Name,genre
Composer,Name,genre
Composer,Name,genre
Composer,Name,genre
Composer,Name,genre
Composer,Name,genre
Composer,Name,genre
Composer,Name,genre
Composer,Name,genre
Composer,Name,genre
Composer,Name,genre
Composer,Name,genre
Composer,Name,genre
Composer,Name,genre
Composer,Name,genre
Composer,Name,genre
Composer,Name,genre
Composer,Name,genre
Composer,Name,genre
Composer,Name,genre
Composer,Name,genre
Composer,Name,genre
Composer,Name,genre
Composer,Name,genre
Composer,Name,genre
Composer,Name,genre
Composer,Name,genre
Composer,Name,genre
Composer,Name,genre
Composer,Name,genre
Composer,Name,genre
Composer,Name,genre
Composer,Name,genre
Composer,Name,genre
Composer,Name,genre
Composer,Name,genre
Composer,Name,genre
Composer,Name,genre
Composer,Name,genre
Composer,Name,genre
Composer,Name,genre
Composer,Name,genre
Composer,Name,genre
Composer,Name,genre
Composer,Name,genre
Composer,Name,genre
Composer,Name,genre
Composer,Name,genre
Composer,Name,genre
Composer,Name,genre
Composer,Name,genre
Composer,Name,genre
Composer,Name,genre
Composer,Name,genre
Composer,Name,genre
Composer,Name,genre
Composer,Name,genre
Composer,Name,genre
Composer,Name,genre
Composer,Name,genre
Composer,Name,genre
Composer,Name,genre
Composer,Name,genre
Composer,Name,genre
Composer,Name,genre
Composer,Name,genre
Composer,Name,genre
Composer,Name,genre
Composer,Name,genre
Composer,Name,genre
Composer,Name,genre
Composer,Name,genre
Composer,Name,genre
Composer,Name,genre
Composer,Name,genre
Composer,Name,genre
Composer,Name,genre
Composer,Name,genre
Composer,Name,genre
Composer,Name,genre
Composer,Name,genre
Composer,Name,genre
Composer,Name,genre
Composer,Name,genre
Composer,Name,genre
Composer,Name,genre
Composer,Name,genre
Composer,Name,genre
Composer,Name,genre
Composer,Name,genre
Composer,Name,genre
Composer,Name,genre
Composer,Name,genre
Composer,Name,genre
Composer,Name,genre
Composer,Name,genre
Composer,Name,genre
Composer,Name,genre
Composer,Name,genre
Composer,Name,genre
Composer,Name,genre
Composer,Name,genre
Composer,Name,genre
Composer,Name,genre
Composer,Name,genre
Composer,Name,genre
Composer,Name,genre
Composer,Name,genre
Composer,Name,genre
Composer,Name,genre
Composer,Name,genre
Composer,Name,genre
Composer,Name,genre
Composer,Name,genre
Composer,Name,genre
Composer,Name,genre
Composer,Name,genre
Composer,Name,genre
Composer,Name,genre
Composer,Name,genre
Composer,Name,genre
Composer,Name,genre
Composer,Name,genre
Composer,Name,genre
Composer,Name,genre
Composer,Name,genre
Composer,Name,genre
Composer,Name,genre
Composer,Name,genre
Composer,Name,genre
Composer,Name,genre
Composer,Name,genre
Composer,Name,genre
Composer,Name,genre
Composer,Name,genre
Composer,Name,genre
Composer,Name,genre
Composer,Name,genre
Composer,Name,genre
Composer,Name,genre
Composer,Name,genre
Composer,Name,genre
Composer,Name,genre
Composer,Name,genre
Composer,Name,genre
Composer,Name,genre
Composer,Name,genre
Composer,Name,genre
Composer,Name,genre
Composer,Name,genre
Composer,Name,genre
Composer,Name,genre
Composer,Name,genre
Composer,Name,genre
Composer,Name,genre
Composer,Name,genre
Composer,Name,genre
Composer,Name,genre
Composer,Name,genre
Composer,Name,genre
Composer,Name,genre
Composer,Name,genre
Composer,Name,genre
Composer,Name,genre
Composer,Name,genre
Composer,Name,genre
Composer,Name,genre
Composer,Name,genre
Composer,Name,genre
Composer,Name,genre
Composer,Name,genre
Composer,Name,genre
Composer,Name,genre
Composer,Name,genre
Composer,Name,genre
Composer,Name,genre
Composer,Name,genre
Composer,Name,genre
Composer,Name,genre
Composer,Name,genre
Composer,Name,genre
Composer,Name,genre
Composer,Name,genre
Composer,Name,genre
Composer,Name,genre
Composer,Name,genre
Composer,Name,genre
Composer,Name,genre
Composer,Name,genre
Composer,Name,genre
Composer,Name,genre
Composer,Name,genre
Composer,Name,genre
Composer,Name,genre
Composer,Name,genre
Composer,Name,genre
Composer,Name,genre
Composer,Name,genre
Composer,Name,genre
Composer,Name,genre
Composer,Name,genre
Composer,Name,genre
Composer,Name,genre
Composer,Name,genre
Composer,Name,genre
Composer,Name,genre
Composer,Name,genre
Composer,Name,genre
Composer,Name,genre
Composer,Name,genre
Composer,Name,genre
Composer,Name,genre
Composer,Name,genre
Composer,Name,genre
Composer,Name,genre
Composer,Name,genre
Composer,Name,genre
Composer,Name,genre
Composer,Name,genre
Composer,Name,genre
Composer,Name,genre
Composer,Name,genre
Composer,Name,genre
Composer,Name,genre
Composer,Name,genre
Composer,Name,genre
Composer,Name,genre
Composer,Name,genre
Composer,Name,genre
Composer,Name,genre
Composer,Name,genre
Composer,Name,genre
Composer,Name,genre
Composer,Name,genre
Composer,Name,genre
Composer,Name,genre
Composer,Name,genre
Composer,Name,genre
Composer,Name,genre
Composer,Name,genre
Composer,Name,genre
Composer,Name,genre
Composer,Name,genre
Composer,Name,genre
Composer,Name,genre
Composer,Name,genre
Composer,Name,genre
Composer,Name,genre
Composer,Name,genre
Composer,Name,genre
Composer,Name,genre
Composer,Name,genre
Composer,Name,genre
Composer,Name,genre
Composer,Name,genre
Composer,Name,genre
Composer,Name,genre
Composer,Name,genre
Composer,Name,genre
Composer,Name,genre
Composer,Name,genre
Composer,Name,genre
Composer,Name,genre
Composer,Name,genre
Composer,Name,genre
Composer,Name,genre
Composer,Name,genre
Composer,Name,genre
Composer,Name,genre
Composer,Name,genre
Composer,Name,genre
Composer,Name,genre
Composer,Name,genre
Composer,Name,genre
Composer,Name,genre
Composer,Name,genre
Composer,Name,genre
Composer,Name,genre
Composer,Name,genre
Composer,Name,genre
Composer,Name,genre
Composer,Name,genre
Composer,Name,genre
Composer,Name,genre
Composer,Name,genre
Composer,Name,genre
Composer,Name,genre
Composer,Name,genre
Composer,Name,genre
Composer,Name,genre
Composer,Name,genre
Composer,Name,genre
Composer,Name,genre
Composer,Name,genre
Composer,Name,genre
Composer,Name,genre
Composer,Name,genre
Composer,Name,genre
Composer,Name,genre
Composer,Name,genre
Composer,Name,genre
Composer,Name,genre
Composer,Name,genre
Composer,Name,genre
Composer,Name,genre
Composer,Name,genre
Composer,Name,genre
Composer,Name,genre
Composer,Name,genre
Composer,Name,genre
Composer,Name,genre
Composer,Name,genre
Composer,Name,genre
Composer,Name,genre
Composer,Name,genre
Composer,Name,genre
Composer,Name,genre
Composer,Name,genre
Composer,Name,genre
Composer,Name,genre
Composer,Name,genre
Composer,Name,genre
Composer,Name,genre
Composer,Name,genre
Composer,Name,genre
Composer,Name,genre
Composer,Name,genre
Composer,Name,genre
Composer,Name,genre
Composer,Name,genre
Composer,Name,genre
Composer,Name,genre
Composer,Name,genre
Composer,Name,genre
Composer,Name,genre
Composer,Name,genre
Composer,Name,genre
Composer,Name,genre
Composer,Name,genre
Composer,Name,genre
Composer,Name,genre
Composer,Name,genre
Composer,Name,genre
Composer,Name,genre
Composer,Name,genre
Composer,Name,genre
Composer,Name,genre
Composer,Name,genre
Composer,Name,genre
Composer,Name,genre
Composer,Name,genre
Composer,Name,genre
Composer,Name,genre
Composer,Name,genre
Composer,Name,genre
Composer,Name,genre
Composer,Name,genre
Composer,Name,genre
Composer,Name,genre
Composer,Name,genre
Composer,Name,genre
Composer,Name,genre
Composer,Name,genre
Composer,Name,genre
Composer,Name,genre
Composer,Name,genre
Composer,Name,genre
Composer,Name,genre
Composer,Name,genre
Composer,Name,genre
Composer,Name,genre
Composer,Name,genre
Composer,Name,genre
Composer,Name,genre
Composer,Name,genre
Composer,Name,genre
Composer,Name,genre
Composer,Name,genre
Composer,Name,genre
Composer,Name,genre
Composer,Name,genre
Composer,Name,genre
Composer,Name,genre
Composer,Name,genre
Composer,Name,genre
Composer,Name,genre
Composer,Name,genre
Composer,Name,genre
Composer,Name,genre
Composer,Name,genre
Composer,Name,genre
Composer,Name,genre
Composer,Name,genre
Composer,Name,genre
Composer,Name,genre
Composer,Name,genre
Composer,Name,genre
Composer,Name,genre
Composer,Name,genre
Composer,Name,genre
Composer,Name,genre
Composer,Name,genre
Composer,Name,genre
Composer,Name,genre
Composer,Name,genre
Composer,Name,genre
Composer,Name,genre
Composer,Name,genre
Composer,Name,genre
Composer,Name,genre
Composer,Name,genre
Composer,Name,genre
Composer,Name,genre
Composer,Name,genre
Composer,Name,genre
Composer,Name,genre
Composer,Name,genre
Composer,Name,genre
Composer,Name,genre
Composer,Name,genre
Composer,Name,genre
Composer,Name,genre
Composer,Name,genre
Composer,Name,genre
Composer,Name,genre
Composer,Name,genre
Composer,Name,genre
Composer,Name,genre
Composer,Name,genre
Composer,Name,genre
Composer,Name,genre
Composer,Name,genre
Composer,Name,genre
Composer,Name,genre
Composer,Name,genre
Composer,Name,genre
Composer,Name,genre
Composer,Name,genre
Composer,Name,genre
Composer,Name,genre
Composer,Name,genre
Composer,Name,genre
Composer,Name,genre
Composer,Name,genre
Composer,Name,genre
Composer,Name,genre
Composer,Name,genre
Composer,Name,genre
Composer,Name,genre
Composer,Name,genre
Composer,Name,genre
Composer,Name,genre
Composer,Name,genre
Composer,Name,genre
Composer,Name,genre
Composer,Name,genre
Composer,Name,genre
Composer,Name,genre
Composer,Name,genre
Composer,Name,genre
Composer,Name,genre
Composer,Name,genre
Composer,Name,genre
Composer,Name,genre
Composer,Name,genre
Composer,Name,genre
Composer,Name,genre
Composer,Name,genre
Composer,Name,genre
Composer,Name,genre
Composer,Name,genre
Composer,Name,genre
Composer,Name,genre
Composer,Name,genre
Composer,Name,genre
Composer,Name,genre
Composer,Name,genre
Composer,Name,genre
Composer,Name,genre
Composer,Name,genre
Composer,Name,genre
Composer,Name,genre
Composer,Name,genre
Composer,Name,genre
Composer,Name,genre
Composer,Name,genre
Composer,Name,genre
Composer,Name,genre
Composer,Name,genre
Composer,Name,genre
Composer,Name,genre
Composer,Name,genre
Composer,Name,genre
Composer,Name,genre
Composer,Name,genre
Composer,Name,genre
Composer,Name,genre
Composer,Name,genre
Composer,Name,genre
Composer,Name,genre
Composer,Name,genre
Composer,Name,genre
Composer,Name,genre
Composer,Name,genre
Composer,Name,genre
Composer,Name,genre
Composer,Name,genre
Composer,Name,genre
Composer,Name,genre
Composer,Name,genre
Composer,Name,genre
Composer,Name,genre
Composer,Name,genre
Composer,Name,genre
Composer,Name,genre
Composer,Name,genre
Composer,Name,genre
Composer,Name,genre
Composer,Name,genre
Composer,Name,genre
Composer,Name,genre
Composer,Name,genre
Composer,Name,genre
Composer,Name,genre
Composer,Name,genre
Composer,Name,genre
Composer,Name,genre
Composer,Name,genre
Composer,Name,genre
Composer,Name,genre
Composer,Name,genre
Composer,Name,genre
Composer,Name,genre
Composer,Name,genre
Composer,Name,genre
Composer,Name,genre
Composer,Name,genre
Composer,Name,genre
Composer,Name,genre
Composer,Name,genre
Composer,Name,genre
Composer,Name,genre
Composer,Name,genre
Composer,Name,genre
Composer,Name,genre
Composer,Name,genre
Composer,Name,genre
Composer,Name,genre
Composer,Name,genre
Composer,Name,genre
Composer,Name,genre
Composer,Name,genre
Composer,Name,genre
Composer,Name,genre
Composer,Name,genre
Composer,Name,genre
Composer,Name,genre
Composer,Name,genre
Composer,Name,genre
Composer,Name,genre
Composer,Name,genre
Composer,Name,genre
Composer,Name,genre
Composer,Name,genre
Composer,Name,genre
Composer,Name,genre
Composer,Name,genre
Composer,Name,genre
Composer,Name,genre
Composer,Name,genre
Composer,Name,genre
Composer,Name,genre
Composer,Name,genre
Composer,Name,genre
Composer,Name,genre
Composer,Name,genre
Composer,Name,genre
Composer,Name,genre
Composer,Name,genre
Composer,Name,genre
Composer,Name,genre
Composer,Name,genre
Composer,Name,genre
Composer,Name,genre
Composer,Name,genre
Composer,Name,genre
Composer,Name,genre
Composer,Name,genre
Composer,Name,genre
Composer,Name,genre
Composer,Name,genre
Composer,Name,genre
Composer,Name,genre
Composer,Name,genre
Composer,Name,genre
Composer,Name,genre
Composer,Name,genre
Composer,Name,genre
Composer,Name,genre
Composer,Name,genre
Composer,Name,genre
Composer,Name,genre
Composer,Name,genre
Composer,Name,genre
Composer,Name,genre
Composer,Name,genre
Composer,Name,genre
Composer,Name,genre
Composer,Name,genre
Composer,Name,genre
Composer,Name,genre
Composer,Name,genre
Composer,Name,genre
Composer,Name,genre
Composer,Name,genre
Composer,Name,genre
Composer,Name,genre
Composer,Name,genre
Composer,Name,genre
Composer,Name,genre
Composer,Name,genre
Composer,Name,genre
Composer,Name,genre
Composer,Name,genre
Composer,Name,genre
Composer,Name,genre
Composer,Name,genre
Composer,Name,genre
Composer,Name,genre
Composer,Name,genre
Composer,Name,genre
Composer,Name,genre
Composer,Name,genre
Composer,Name,genre
Composer,Name,genre
Composer,Name,genre
Composer,Name,genre
Composer,Name,genre
Composer,Name,genre
Composer,Name,genre
Composer,Name,genre
Composer,Name,genre
Composer,Name,genre
Composer,Name,genre
Composer,Name,genre
Composer,Name,genre
Composer,Name,genre
Composer,Name,genre
Composer,Name,genre
Composer,Name,genre
Composer,Name,genre
Composer,Name,genre
Composer,Name,genre
Composer,Name,genre
Composer,Name,genre
Composer,Name,genre
Composer,Name,genre
Composer,Name,genre
Composer,Name,genre
Composer,Name,genre
Composer,Name,genre
Composer,Name,genre
Composer,Name,genre
Composer,Name,genre
Composer,Name,genre
Composer,Name,genre
Composer,Name,genre
Composer,Name,genre
Composer,Name,genre
Composer,Name,genre
Composer,Name,genre
Composer,Name,genre
Composer,Name,genre
Composer,Name,genre
Composer,Name,genre
Composer,Name,genre
Composer,Name,genre
Composer,Name,genre
Composer,Name,genre
Composer,Name,genre
Composer,Name,genre
Composer,Name,genre
Composer,Name,genre
Composer,Name,genre
Composer,Name,genre
Composer,Name,genre
Composer,Name,genre
Composer,Name,genre
Composer,Name,genre
Composer,Name,genre
Composer,Name,genre
Composer,Name,genre
Composer,Name,genre
Composer,Name,genre
Composer,Name,genre
Composer,Name,genre
Composer,Name,genre
Composer,Name,genre
Composer,Name,genre
Composer,Name,genre
Composer,Name,genre
Composer,Name,genre
Composer,Name,genre
Composer,Name,genre
Composer,Name,genre
Composer,Name,genre
Composer,Name,genre
Composer,Name,genre
Composer,Name,genre
Composer,Name,genre
Composer,Name,genre
Composer,Name,genre
Composer,Name,genre
Composer,Name,genre
Composer,Name,genre
Composer,Name,genre
Composer,Name,genre
Composer,Name,genre
Composer,Name,genre
Composer,Name,genre
Composer,Name,genre
Composer,Name,genre
Composer,Name,genre
Composer,Name,genre
Composer,Name,genre
Composer,Name,genre
Composer,Name,genre
Composer,Name,genre
Composer,Name,genre
Composer,Name,genre
Composer,Name,genre
Composer,Name,genre
Composer,Name,genre
Composer,Name,genre
Composer,Name,genre
Composer,Name,genre
Composer,Name,genre
Composer,Name,genre
Composer,Name,genre
Composer,Name,genre
Composer,Name,genre
Composer,Name,genre
Composer,Name,genre
Composer,Name,genre
Composer,Name,genre
Composer,Name,genre
Composer,Name,genre
Composer,Name,genre
Composer,Name,genre
Composer,Name,genre
Composer,Name,genre
Composer,Name,genre
Composer,Name,genre
Composer,Name,genre
Composer,Name,genre
Composer,Name,genre
Composer,Name,genre
Composer,Name,genre
Composer,Name,genre
Composer,Name,genre
Composer,Name,genre
Composer,Name,genre
Composer,Name,genre
Composer,Name,genre
Composer,Name,genre
Composer,Name,genre
Composer,Name,genre
Composer,Name,genre
Composer,Name,genre
Composer,Name,genre
Composer,Name,genre
Composer,Name,genre
Composer,Name,genre
Composer,Name,genre
Composer,Name,genre
Composer,Name,genre
Composer,Name,genre
Composer,Name,genre
Composer,Name,genre
Composer,Name,genre
Composer,Name,genre
Composer,Name,genre
Composer,Name,genre
Composer,Name,genre
Composer,Name,genre
Composer,Name,genre
Composer,Name,genre
Composer,Name,genre
Composer,Name,genre
Composer,Name,genre
Composer,Name,genre
Composer,Name,genre
Composer,Name,genre
Composer,Name,genre
Composer,Name,genre
Composer,Name,genre
Composer,Name,genre
Composer,Name,genre
Composer,Name,genre
Composer,Name,genre
Composer,Name,genre
Composer,Name,genre
Composer,Name,genre
Composer,Name,genre
Composer,Name,genre
Composer,Name,genre
Composer,Name,genre
Composer,Name,genre
Composer,Name,genre
Composer,Name,genre
Composer,Name,genre
Composer,Name,genre
Composer,Name,genre
Composer,Name,genre
Composer,Name,genre
Composer,Name,genre
Composer,Name,genre
Composer,Name,genre
Composer,Name,genre
Composer,Name,genre
Composer,Name,genre
Composer,Name,genre
Composer,Name,genre
Composer,Name,genre
Composer,Name,genre
Composer,Name,genre
Composer,Name,genre
Composer,Name,genre
Composer,Name,genre
Composer,Name,genre
Composer,Name,genre
Composer,Name,genre
Composer,Name,genre
Composer,Name,genre
Composer,Name,genre
Composer,Name,genre
Composer,Name,genre
Composer,Name,genre
Composer,Name,genre
Composer,Name,genre
Composer,Name,genre
Composer,Name,genre
Composer,Name,genre
Composer,Name,genre
Composer,Name,genre
Composer,Name,genre
Composer,Name,genre
Composer,Name,genre
Composer,Name,genre
Composer,Name,genre
Composer,Name,genre
Composer,Name,genre
Composer,Name,genre
Composer,Name,genre
Composer,Name,genre
Composer,Name,genre
Composer,Name,genre
Composer,Name,genre
Composer,Name,genre
Composer,Name,genre
Composer,Name,genre
Composer,Name,genre
Composer,Name,genre
Composer,Name,genre
Composer,Name,genre
Composer,Name,genre
Composer,Name,genre
Composer,Name,genre
Composer,Name,genre
Composer,Name,genre
Composer,Name,genre
Composer,Name,genre
Composer,Name,genre
Composer,Name,genre
Composer,Name,genre
Composer,Name,genre
Composer,Name,genre
Composer,Name,genre
Composer,Name,genre
Composer,Name,genre
Composer,Name,genre
Composer,Name,genre
Composer,Name,genre
Composer,Name,genre
Composer,Name,genre
Composer,Name,genre
Composer,Name,genre
Composer,Name,genre
Composer,Name,genre
Composer,Name,genre
Composer,Name,genre
Composer,Name,genre
Composer,Name,genre
Composer,Name,genre
Composer,Name,genre
Composer,Name,genre
Composer,Name,genre
Composer,Name,genre
Composer,Name,genre
Composer,Name,genre
Composer,Name,genre
Composer,Name,genre
Composer,Name,genre
Composer,Name,genre
Composer,Name,genre
Composer,Name,genre
Composer,Name,genre
Composer,Name,genre
Composer,Name,genre
Composer,Name,genre
Composer,Name,genre
Composer,Name,genre
Composer,Name,genre
Composer,Name,genre
Composer,Name,genre
Composer,Name,genre
Composer,Name,genre
Composer,Name,genre
Composer,Name,genre
Composer,Name,genre
Composer,Name,genre
Composer,Name,genre
Composer,Name,genre
Composer,Name,genre
Composer,Name,genre
Composer,Name,genre
Composer,Name,genre
Composer,Name,genre
Composer,Name,genre
Composer,Name,genre
Composer,Name,genre
Composer,Name,genre
Composer,Name,genre
Composer,Name,genre
Composer,Name,genre
Composer,Name,genre
Composer,Name,genre
Composer,Name,genre
Composer,Name,genre
Composer,Name,genre
Composer,Name,genre
Composer,Name,genre
Composer,Name,genre
Composer,Name,genre
Composer,Name,genre
Composer,Name,genre
Composer,Name,genre
Composer,Name,genre
Composer,Name,genre
Composer,Name,genre
Composer,Name,genre
Composer,Name,genre
Composer,Name,genre
Composer,Name,genre
Composer,Name,genre
Composer,Name,genre
Composer,Name,genre
Composer,Name,genre
Composer,Name,genre
Composer,Name,genre
Composer,Name,genre
Composer,Name,genre
Composer,Name,genre
Composer,Name,genre
Composer,Name,genre
Composer,Name,genre
Composer,Name,genre
Composer,Name,genre
Composer,Name,genre
Composer,Name,genre
Composer,Name,genre
Composer,Name,genre
Composer,Name,genre
Composer,Name,genre
Composer,Name,genre
Composer,Name,genre
Composer,Name,genre
Composer,Name,genre
Composer,Name,genre
Composer,Name,genre
Composer,Name,genre
Composer,Name,genre
Composer,Name,genre
Composer,Name,genre
Composer,Name,genre
Composer,Name,genre
Composer,Name,genre
Composer,Name,genre
Composer,Name,genre
Composer,Name,genre
Composer,Name,genre
Composer,Name,genre
Composer,Name,genre
Composer,Name,genre
Composer,Name,genre
Composer,Name,genre
Composer,Name,genre
Composer,Name,genre
Composer,Name,genre
Composer,Name,genre
Composer,Name,genre
Composer,Name,genre
Composer,Name,genre
Composer,Name,genre
Composer,Name,genre
Composer,Name,genre
Composer,Name,genre
Composer,Name,genre
Composer,Name,genre
Composer,Name,genre
Composer,Name,genre
Composer,Name,genre
Composer,Name,genre
Composer,Name,genre
Composer,Name,genre
Composer,Name,genre
Composer,Name,genre
Composer,Name,genre
Composer,Name,genre
Composer,Name,genre
Composer,Name,genre
Composer,Name,genre
Composer,Name,genre
Composer,Name,genre
Composer,Name,genre
Composer,Name,genre
Composer,Name,genre
Composer,Name,genre
Composer,Name,genre
Composer,Name,genre
Composer,Name,genre
Composer,Name,genre
Composer,Name,genre
Composer,Name,genre
Composer,Name,genre
Composer,Name,genre
Composer,Name,genre
Composer,Name,genre
Composer,Name,genre
Composer,Name,genre
Composer,Name,genre
Composer,Name,genre
Composer,Name,genre
Composer,Name,genre
Composer,Name,genre
Composer,Name,genre
Composer,Name,genre
Composer,Name,genre
Composer,Name,genre
Composer,Name,genre
Composer,Name,genre
Composer,Name,genre
Composer,Name,genre
Composer,Name,genre
Composer,Name,genre
Composer,Name,genre
Composer,Name,genre
Composer,Name,genre
Composer,Name,genre
Composer,Name,genre
Composer,Name,genre
Composer,Name,genre
Composer,Name,genre
Composer,Name,genre
Composer,Name,genre
Composer,Name,genre
Composer,Name,genre
Composer,Name,genre
Composer,Name,genre
Composer,Name,genre
Composer,Name,genre
Composer,Name,genre
Composer,Name,genre
Composer,Name,genre
Composer,Name,genre
Composer,Name,genre
Composer,Name,genre
Composer,Name,genre
Composer,Name,genre
Composer,Name,genre
Composer,Name,genre
Composer,Name,genre
Composer,Name,genre
Composer,Name,genre
Composer,Name,genre
Composer,Name,genre
Composer,Name,genre
Composer,Name,genre
Composer,Name,genre
Composer,Name,genre
Composer,Name,genre
Composer,Name,genre
Composer,Name,genre
Composer,Name,genre
Composer,Name,genre
Composer,Name,genre
Composer,Name,genre
Composer,Name,genre
Composer,Name,genre
Composer,Name,genre
Composer,Name,genre
Composer,Name,genre
Composer,Name,genre
Composer,Name,genre
Composer,Name,genre
Composer,Name,genre
Composer,Name,genre
Composer,Name,genre
Composer,Name,genre
Composer,Name,genre
Composer,Name,genre
Composer,Name,genre
Composer,Name,genre
Composer,Name,genre
Composer,Name,genre
Composer,Name,genre
Composer,Name,genre
Composer,Name,genre
Composer,Name,genre
Composer,Name,genre
Composer,Name,genre
Composer,Name,genre
Composer,Name,genre
Composer,Name,genre
Composer,Name,genre
Composer,Name,genre
Composer,Name,genre
Composer,Name,genre
Composer,Name,genre
Composer,Name,genre
Composer,Name,genre
Composer,Name,genre
Composer,Name,genre
Composer,Name,genre
Composer,Name,genre
Composer,Name,genre
Composer,Name,genre
Composer,Name,genre
Composer,Name,genre
Composer,Name,genre
Composer,Name,genre
Composer,Name,genre
Composer,Name,genre
Composer,Name,genre
Composer,Name,genre
Composer,Name,genre
Composer,Name,genre
Composer,Name,genre
Composer,Name,genre
Composer,Name,genre
Composer,Name,genre
Composer,Name,genre
Composer,Name,genre
Composer,Name,genre
Composer,Name,genre
Composer,Name,genre
Composer,Name,genre
Composer,Name,genre
Composer,Name,genre
Composer,Name,genre
Composer,Name,genre
Composer,Name,genre
Composer,Name,genre
Composer,Name,genre
Composer,Name,genre
Composer,Name,genre
Composer,Name,genre
Composer,Name,genre
Composer,Name,genre
Composer,Name,genre
Composer,Name,genre
Composer,Name,genre
Composer,Name,genre
Composer,Name,genre
Composer,Name,genre
Composer,Name,genre
Composer,Name,genre
Composer,Name,genre
Composer,Name,genre
Composer,Name,genre
Composer,Name,genre
Composer,Name,genre
Composer,Name,genre
Composer,Name,genre
Composer,Name,genre
Composer,Name,genre
Composer,Name,genre
Composer,Name,genre
Composer,Name,genre
Composer,Name,genre
Composer,Name,genre
Composer,Name,genre
Composer,Name,genre
Composer,Name,genre
Composer,Name,genre
Composer,Name,genre
Composer,Name,genre
Composer,Name,genre
Composer,Name,genre
Composer,Name,genre
Composer,Name,genre
Composer,Name,genre
Composer,Name,genre
Composer,Name,genre
Composer,Name,genre
Composer,Name,genre
Composer,Name,genre
Composer,Name,genre
Composer,Name,genre
Composer,Name,genre
Composer,Name,genre
Composer,Name,genre
Composer,Name,genre
Composer,Name,genre
Composer,Name,genre
Composer,Name,genre
Composer,Name,genre
Composer,Name,genre
Composer,Name,genre
Composer,Name,genre
Composer,Name,genre
Composer,Name,genre
Composer,Name,genre
Composer,Name,genre
Composer,Name,genre
Composer,Name,genre
Composer,Name,genre
Composer,Name,genre
Composer,Name,genre
Composer,Name,genre
Composer,Name,genre
Composer,Name,genre
Composer,Name,genre
Composer,Name,genre
Composer,Name,genre
Composer,Name,genre
Composer,Name,genre
Composer,Name,genre
Composer,Name,genre
Composer,Name,genre
Composer,Name,genre
Composer,Name,genre
Composer,Name,genre
Composer,Name,genre
Composer,Name,genre
Composer,Name,genre
Composer,Name,genre
Composer,Name,genre
Composer,Name,genre
Composer,Name,genre
Composer,Name,genre
Composer,Name,genre
Composer,Name,genre
Composer,Name,genre
Composer,Name,genre
Composer,Name,genre
Composer,Name,genre
Composer,Name,genre
Composer,Name,genre
Composer,Name,genre
Composer,Name,genre
Composer,Name,genre
Composer,Name,genre
Composer,Name,genre
Composer,Name,genre
Composer,Name,genre
Composer,Name,genre
Composer,Name,genre
Composer,Name,genre
Composer,Name,genre
Composer,Name,genre
Composer,Name,genre
Composer,Name,genre
Composer,Name,genre
Composer,Name,genre
Composer,Name,genre
Composer,Name,genre
Composer,Name,genre
Composer,Name,genre
Composer,Name,genre
Composer,Name,genre
Composer,Name,genre
Composer,Name,genre
Composer,Name,genre
Composer,Name,genre
Composer,Name,genre
Composer,Name,genre
Composer,Name,genre
Composer,Name,genre
Composer,Name,genre
Composer,Name,genre
Composer,Name,genre
Composer,Name,genre
Composer,Name,genre
Composer,Name,genre
Composer,Name,genre
Composer,Name,genre
Composer,Name,genre
Composer,Name,genre
Composer,Name,genre
Composer,Name,genre
Composer,Name,genre
Composer,Name,genre
Composer,Name,genre
Composer,Name,genre
Composer,Name,genre
Composer,Name,genre
Composer,Name,genre
Composer,Name,genre
Composer,Name,genre
Composer,Name,genre
Composer,Name,genre
Composer,Name,genre
Composer,Name,genre
Composer,Name,genre
Composer,Name,genre
Composer,Name,genre
Composer,Name,genre
Composer,Name,genre
Composer,Name,genre
Composer,Name,genre
Composer,Name,genre
Composer,Name,genre
Composer,Name,genre
Composer,Name,genre
Composer,Name,genre
Composer,Name,genre
Composer,Name,genre
Composer,Name,genre
Composer,Name,genre
Composer,Name,genre
Composer,Name,genre
Composer,Name,genre
Composer,Name,genre
Composer,Name,genre
Composer,Name,genre
Composer,Name,genre
Composer,Name,genre
Composer,Name,genre
Composer,Name,genre
Composer,Name,genre
Composer,Name,genre
Composer,Name,genre
Composer,Name,genre
Composer,Name,genre
Composer,Name,genre
Composer,Name,genre
Composer,Name,genre
Composer,Name,genre
Composer,Name,genre
Composer,Name,genre
Composer,Name,genre
Composer,Name,genre
Composer,Name,genre
Composer,Name,genre
Composer,Name,genre
Composer,Name,genre
Composer,Name,genre
Composer,Name,genre
Composer,Name,genre
Composer,Name,genre
Composer,Name,genre
Composer,Name,genre
Composer,Name,genre
Composer,Name,genre
Composer,Name,genre
Composer,Name,genre
Composer,Name,genre
Composer,Name,genre
Composer,Name,genre
Composer,Name,genre
Composer,Name,genre
Composer,Name,genre
Composer,Name,genre
Composer,Name,genre
Composer,Name,genre
Composer,Name,genre
Composer,Name,genre
Composer,Name,genre
Composer,Name,genre
Composer,Name,genre
Composer,Name,genre
Composer,Name,genre
Composer,Name,genre
Composer,Name,genre
Composer,Name,genre
Composer,Name,genre
Composer,Name,genre
Composer,Name,genre
Composer,Name,genre
Composer,Name,genre
Composer,Name,genre
Composer,Name,genre
Composer,Name,genre
Composer,Name,genre
Composer,Name,genre
Composer,Name,genre
Composer,Name,genre
Composer,Name,genre
Composer,Name,genre
Composer,Name,genre
Composer,Name,genre
Composer,Name,genre
Composer,Name,genre
Composer,Name,genre
Composer,Name,genre
Composer,Name,genre
Composer,Name,genre
Composer,Name,genre
Composer,Name,genre
Composer,Name,genre
Composer,Name,genre
Composer,Name,genre
Composer,Name,genre
Composer,Name,genre
Composer,Name,genre
Composer,Name,genre
Composer,Name,genre
Composer,Name,genre
Composer,Name,genre
Composer,Name,genre
Composer,Name,genre
Composer,Name,genre
Composer,Name,genre
Composer,Name,genre
Composer,Name,genre
Composer,Name,genre
Composer,Name,genre
Composer,Name,genre
Composer,Name,genre
Composer,Name,genre
Composer,Name,genre
Composer,Name,genre
Composer,Name,genre
Composer,Name,genre
Composer,Name,genre
Composer,Name,genre
Composer,Name,genre
Composer,Name,genre
Composer,Name,genre
Composer,Name,genre
Composer,Name,genre
Composer,Name,genre
Composer,Name,genre
Composer,Name,genre
Composer,Name,genre
Composer,Name,genre
Composer,Name,genre
Composer,Name,genre
Composer,Name,genre
Composer,Name,genre
Composer,Name,genre
Composer,Name,genre
Composer,Name,genre
Composer,Name,genre
Composer,Name,genre
Composer,Name,genre
Composer,Name,genre
Composer,Name,genre
Composer,Name,genre
Composer,Name,genre
Composer,Name,genre
Composer,Name,genre
Composer,Name,genre
Composer,Name,genre
Composer,Name,genre
Composer,Name,genre
Composer,Name,genre
Composer,Name,genre
Composer,Name,genre
Composer,Name,genre
Composer,Name,genre
Composer,Name,genre
Composer,Name,genre
Composer,Name,genre
Composer,Name,genre
Composer,Name,genre
Composer,Name,genre
Composer,Name,genre
Composer,Name,genre
Composer,Name,genre
Composer,Name,genre
Composer,Name,genre
Composer,Name,genre
Composer,Name,genre
Composer,Name,genre
Composer,Name,genre
Composer,Name,genre
Composer,Name,genre
Composer,Name,genre
Composer,Name,genre
Composer,Name,genre
Composer,Name,genre
Composer,Name,genre
Composer,Name,genre
Composer,Name,genre
Composer,Name,genre
Composer,Name,genre
Composer,Name,genre
Composer,Name,genre
Composer,Name,genre
Composer,Name,genre
Composer,Name,genre
Composer,Name,genre
Composer,Name,genre
Composer,Name,genre
Composer,Name,genre
Composer,Name,genre
Composer,Name,genre
Composer,Name,genre
Composer,Name,genre
Composer,Name,genre
Composer,Name,genre
Composer,Name,genre
Composer,Name,genre
Composer,Name,genre
Composer,Name,genre
Composer,Name,genre
Composer,Name,genre
Composer,Name,genre
Composer,Name,genre
Composer,Name,genre
Composer,Name,genre
Composer,Name,genre
Composer,Name,genre
Composer,Name,genre
Composer,Name,genre
Composer,Name,genre
Composer,Name,genre
Composer,Name,genre
Composer,Name,genre
Composer,Name,genre
Composer,Name,genre
Composer,Name,genre
Composer,Name,genre
Composer,Name,genre
Composer,Name,genre
Composer,Name,genre
Composer,Name,genre
Composer,Name,genre
Composer,Name,genre
Composer,Name,genre
Composer,Name,genre
Composer,Name,genre
Composer,Name,genre
Composer,Name,genre
Composer,Name,genre
Composer,Name,genre
Composer,Name,genre
Composer,Name,genre
Composer,Name,genre
Composer,Name,genre
Composer,Name,genre
Composer,Name,genre
Composer,Name,genre
Composer,Name,genre
Composer,Name,genre
Composer,Name,genre
Composer,Name,genre
Composer,Name,genre
Composer,Name,genre
Composer,Name,genre
Composer,Name,genre
Composer,Name,genre
Composer,Name,genre
Composer,Name,genre
Composer,Name,genre
Composer,Name,genre
Composer,Name,genre
Composer,Name,genre
Composer,Name,genre
Composer,Name,genre
Composer,Name,genre
Composer,Name,genre
Composer,Name,genre
Composer,Name,genre
Composer,Name,genre
Composer,Name,genre
Composer,Name,genre
Composer,Name,genre
Composer,Name,genre
Composer,Name,genre
Composer,Name,genre
Composer,Name,genre
Composer,Name,genre
Composer,Name,genre
Composer,Name,genre
Composer,Name,genre
Composer,Name,genre
Composer,Name,genre
Composer,Name,genre
Composer,Name,genre
Composer,Name,genre
Composer,Name,genre
Composer,Name,genre
Composer,Name,genre
Composer,Name,genre
Composer,Name,genre
Composer,Name,genre
Composer,Name,genre
Composer,Name,genre
Composer,Name,genre
Composer,Name,genre
Composer,Name,genre
Composer,Name,genre
Composer,Name,genre
Composer,Name,genre
Composer,Name,genre
Composer,Name,genre
Composer,Name,genre
Composer,Name,genre
Composer,Name,genre
Composer,Name,genre
Composer,Name,genre
Composer,Name,genre
Composer,Name,genre
Composer,Name,genre
Composer,Name,genre
Composer,Name,genre
Composer,Name,genre
Composer,Name,genre
Composer,Name,genre
Composer,Name,genre
Composer,Name,genre
Composer,Name,genre
Composer,Name,genre
Composer,Name,genre
Composer,Name,genre
Composer,Name,genre
Composer,Name,genre
Composer,Name,genre
Composer,Name,genre
Composer,Name,genre
Composer,Name,genre
Composer,Name,genre
Composer,Name,genre
Composer,Name,genre
Composer,Name,genre
Composer,Name,genre
Composer,Name,genre
Composer,Name,genre
Composer,Name,genre
Composer,Name,genre
Composer,Name,genre
Composer,Name,genre
Composer,Name,genre
Composer,Name,genre
Composer,Name,genre
Composer,Name,genre
Composer,Name,genre
Composer,Name,genre
Composer,Name,genre
Composer,Name,genre
Composer,Name,genre
Composer,Name,genre
Composer,Name,genre
Composer,Name,genre
Composer,Name,genre
Composer,Name,genre
Composer,Name,genre
Composer,Name,genre
Composer,Name,genre
Composer,Name,genre
Composer,Name,genre
Composer,Name,genre
Composer,Name,genre
Composer,Name,genre
Composer,Name,genre
Composer,Name,genre
Composer,Name,genre
Composer,Name,genre
Composer,Name,genre
Composer,Name,genre
Composer,Name,genre
Composer,Name,genre
Composer,Name,genre
Composer,Name,genre
Composer,Name,genre
Composer,Name,genre
Composer,Name,genre
Composer,Name,genre
Composer,Name,genre
Composer,Name,genre
Composer,Name,genre
Composer,Name,genre
Composer,Name,genre
Composer,Name,genre
Composer,Name,genre
Composer,Name,genre
Composer,Name,genre
Composer,Name,genre
Composer,Name,genre
Composer,Name,genre
Composer,Name,genre
Composer,Name,genre
Composer,Name,genre
Composer,Name,genre
Composer,Name,genre
Composer,Name,genre
Composer,Name,genre
Composer,Name,genre
Composer,Name,genre
Composer,Name,genre
Composer,Name,genre
Composer,Name,genre
Composer,Name,genre
Composer,Name,genre
Composer,Name,genre
Composer,Name,genre
Composer,Name,genre
Composer,Name,genre
Composer,Name,genre
Composer,Name,genre
Composer,Name,genre
Composer,Name,genre
Composer,Name,genre
Composer,Name,genre
Composer,Name,genre
Composer,Name,genre
Composer,Name,genre
Composer,Name,genre
Composer,Name,genre
Composer,Name,genre
Composer,Name,genre
Composer,Name,genre
Composer,Name,genre
Composer,Name,genre
Composer,Name,genre
Composer,Name,genre
Composer,Name,genre
Composer,Name,genre
Composer,Name,genre
Composer,Name,genre
Composer,Name,genre
Composer,Name,genre
Composer,Name,genre
Composer,Name,genre
Composer,Name,genre
Composer,Name,genre
Composer,Name,genre
Composer,Name,genre
Composer,Name,genre
Composer,Name,genre
Composer,Name,genre
Composer,Name,genre
Composer,Name,genre
Composer,Name,genre
Composer,Name,genre
Composer,Name,genre
Composer,Name,genre
Composer,Name,genre
Composer,Name,genre
Composer,Name,genre
Composer,Name,genre
Composer,Name,genre
Composer,Name,genre
Composer,Name,genre
Composer,Name,genre
Composer,Name,genre
Composer,Name,genre
Composer,Name,genre
Composer,Name,genre
Composer,Name,genre
Composer,Name,genre
Composer,Name,genre
Composer,Name,genre
Composer,Name,genre
Composer,Name,genre
Composer,Name,genre
Composer,Name,genre
Composer,Name,genre
Composer,Name,genre
Composer,Name,genre
Composer,Name,genre
Composer,Name,genre
Composer,Name,genre
Composer,Name,genre
Composer,Name,genre
Composer,Name,genre
Composer,Name,genre
Composer,Name,genre
Composer,Name,genre
Composer,Name,genre
Composer,Name,genre
Composer,Name,genre
Composer,Name,genre
Composer,Name,genre
Composer,Name,genre
Composer,Name,genre
Composer,Name,genre
Composer,Name,genre
Composer,Name,genre
Composer,Name,genre
Composer,Name,genre
Composer,Name,genre
Composer,Name,genre
Composer,Name,genre
Composer,Name,genre
Composer,Name,genre
Composer,Name,genre
Composer,Name,genre
Composer,Name,genre
Composer,Name,genre
Composer,Name,genre
Composer,Name,genre
Composer,Name,genre
Composer,Name,genre
Composer,Name,genre
Composer,Name,genre
Composer,Name,genre
Composer,Name,genre
Composer,Name,genre
Composer,Name,genre
Composer,Name,genre
Composer,Name,genre
Composer,Name,genre
Composer,Name,genre
Composer,Name,genre
Composer,Name,genre
Composer,Name,genre
Composer,Name,genre
Composer,Name,genre
Composer,Name,genre
Composer,Name,genre
Composer,Name,genre
Composer,Name,genre
Composer,Name,genre
Composer,Name,genre
Composer,Name,genre
Composer,Name,genre
Composer,Name,genre
Composer,Name,genre
Composer,Name,genre
Composer,Name,genre
Composer,Name,genre
Composer,Name,genre
Composer,Name,genre
Composer,Name,genre
Composer,Name,genre
Composer,Name,genre
Composer,Name,genre
Composer,Name,genre
Composer,Name,genre
Composer,Name,genre
Composer,Name,genre
Composer,Name,genre
Composer,Name,genre
Composer,Name,genre
Composer,Name,genre
Composer,Name,genre
Composer,Name,genre
Composer,Name,genre
Composer,Name,genre
Composer,Name,genre
Composer,Name,genre
Composer,Name,genre
Composer,Name,genre
Composer,Name,genre
Composer,Name,genre
Composer,Name,genre
Composer,Name,genre
Composer,Name,genre
Composer,Name,genre
Composer,Name,genre
Composer,Name,genre
Composer,Name,genre
Composer,Name,genre
Composer,Name,genre
Composer,Name,genre
Composer,Name,genre
Composer,Name,genre
Composer,Name,genre
Composer,Name,genre
Composer,Name,genre
Composer,Name,genre
Composer,Name,genre
Composer,Name,genre
Composer,Name,genre
Composer,Name,genre
Composer,Name,genre
Composer,Name,genre
Composer,Name,genre
Composer,Name,genre
Composer,Name,genre
Composer,Name,genre
Composer,Name,genre
Composer,Name,genre
Composer,Name,genre
Composer,Name,genre
Composer,Name,genre
Composer,Name,genre
Composer,Name,genre
Composer,Name,genre
Composer,Name,genre
Composer,Name,genre
Composer,Name,genre
Composer,Name,genre
Composer,Name,genre
Composer,Name,genre
Composer,Name,genre
Composer,Name,genre
Composer,Name,genre
Composer,Name,genre
Composer,Name,genre
Composer,Name,genre
Composer,Name,genre
Composer,Name,genre
Composer,Name,genre
Composer,Name,genre
Composer,Name,genre
Composer,Name,genre
Composer,Name,genre
Composer,Name,genre
Composer,Name,genre
Composer,Name,genre
Composer,Name,genre
Composer,Name,genre
Composer,Name,genre
Composer,Name,genre
Composer,Name,genre
Composer,Name,genre
Composer,Name,genre
Composer,Name,genre
Composer,Name,genre
Composer,Name,genre
Composer,Name,genre
Composer,Name,genre
Composer,Name,genre
Composer,Name,genre
Composer,Name,genre
Composer,Name,genre
Composer,Name,genre
Composer,Name,genre
Composer,Name,genre
Composer,Name,genre
Composer,Name,genre
Composer,Name,genre
Composer,Name,genre
Composer,Name,genre
Composer,Name,genre
Composer,Name,genre
Composer,Name,genre
Composer,Name,genre
Composer,Name,genre
Composer,Name,genre
Composer,Name,genre
Composer,Name,genre
Composer,Name,genre
Composer,Name,genre
Composer,Name,genre
Composer,Name,genre
Composer,Name,genre
Composer,Name,genre
Composer,Name,genre
Composer,Name,genre
Composer,Name,genre
Composer,Name,genre
Composer,Name,genre
Composer,Name,genre
Composer,Name,genre
Composer,Name,genre
Composer,Name,genre
Composer,Name,genre
Composer,Name,genre
Composer,Name,genre
Composer,Name,genre
Composer,Name,genre
Composer,Name,genre
Composer,Name,genre
Composer,Name,genre
Composer,Name,genre
Composer,Name,genre
Composer,Name,genre
Composer,Name,genre
Composer,Name,genre
Composer,Name,genre
Composer,Name,genre
Composer,Name,genre
Composer,Name,genre
Composer,Name,genre
Composer,Name,genre
Composer,Name,genre
Composer,Name,genre
Composer,Name,genre
Composer,Name,genre
Composer,Name,genre
Composer,Name,genre
Composer,Name,genre
Composer,Name,genre
Composer,Name,genre
Composer,Name,genre
Composer,Name,genre
Composer,Name,genre
Composer,Name,genre
Composer,Name,genre
Composer,Name,genre
Composer,Name,genre
Composer,Name,genre
Composer,Name,genre
Composer,Name,genre
Composer,Name,genre
Composer,Name,genre
Composer,Name,genre
Composer,Name,genre
Composer,Name,genre
Composer,Name,genre
Composer,Name,genre
Composer,Name,genre
Composer,Name,genre
Composer,Name,genre
Composer,Name,genre
Composer,Name,genre
Composer,Name,genre
Composer,Name,genre
Composer,Name,genre
Composer,Name,genre
Composer,Name,genre
Composer,Name,genre
Composer,Name,genre
Composer,Name,genre
Composer,Name,genre
Composer,Name,genre
Composer,Name,genre
Composer,Name,genre
Composer,Name,genre
Composer,Name,genre
Composer,Name,genre
Composer,Name,genre
Composer,Name,genre
Composer,Name,genre
Composer,Name,genre
Composer,Name,genre
Composer,Name,genre
Composer,Name,genre
Composer,Name,genre
Composer,Name,genre
Composer,Name,genre
Composer,Name,genre
Composer,Name,genre
Composer,Name,genre
Composer,Name,genre
Composer,Name,genre
Composer,Name,genre
Composer,Name,genre
Composer,Name,genre
Composer,Name,genre
Composer,Name,genre
Composer,Name,genre
Composer,Name,genre
Composer,Name,genre
Composer,Name,genre
Composer,Name,genre
Composer,Name,genre
Composer,Name,genre
Composer,Name,genre
Composer,Name,genre
Composer,Name,genre
Composer,Name,genre
Composer,Name,genre
Composer,Name,genre
Composer,Name,genre
Composer,Name,genre
Composer,Name,genre
Composer,Name,genre
Composer,Name,genre
Composer,Name,genre
Composer,Name,genre
Composer,Name,genre
Composer,Name,genre
Composer,Name,genre
Composer,Name,genre
Composer,Name,genre
Composer,Name,genre
Composer,Name,genre
Composer,Name,genre
Composer,Name,genre
Composer,Name,genre
Composer,Name,genre
Composer,Name,genre
Composer,Name,genre
Composer,Name,genre
Composer,Name,genre
Composer,Name,genre
Composer,Name,genre
Composer,Name,genre
Composer,Name,genre
Composer,Name,genre
Composer,Name,genre
Composer,Name,genre
Composer,Name,genre
Composer,Name,genre
Composer,Name,genre
Composer,Name,genre
Composer,Name,genre
Composer,Name,genre
Composer,Name,genre
Composer,Name,genre
Composer,Name,genre
Composer,Name,genre
Composer,Name,genre
Composer,Name,genre
Composer,Name,genre
Composer,Name,genre
Composer,Name,genre
Composer,Name,genre
Composer,Name,genre
Composer,Name,genre
Composer,Name,genre
Composer,Name,genre
Composer,Name,genre
Composer,Name,genre
Composer,Name,genre
Composer,Name,genre
Composer,Name,genre
Composer,Name,genre
Composer,Name,genre
Composer,Name,genre
Composer,Name,genre
Composer,Name,genre
Composer,Name,genre
Composer,Name,genre
Composer,Name,genre
Composer,Name,genre
Composer,Name,genre
Composer,Name,genre
Composer,Name,genre
Composer,Name,genre
Composer,Name,genre
Composer,Name,genre
Composer,Name,genre
Composer,Name,genre
Composer,Name,genre
Composer,Name,genre
Composer,Name,genre
Composer,Name,genre
Composer,Name,genre
Composer,Name,genre
Composer,Name,genre
Composer,Name,genre
Composer,Name,genre
Composer,Name,genre
Composer,Name,genre
Composer,Name,genre
Composer,Name,genre
Composer,Name,genre
Composer,Name,genre
Composer,Name,genre
Composer,Name,genre
Composer,Name,genre
Composer,Name,genre
Composer,Name,genre
Composer,Name,genre
Composer,Name,genre
Composer,Name,genre
Composer,Name,genre
Composer,Name,genre
Composer,Name,genre
Composer,Name,genre
Composer,Name,genre
Composer,Name,genre
Composer,Name,genre
Composer,Name,genre
Composer,Name,genre
Composer,Name,genre
Composer,Name,genre
Composer,Name,genre
Composer,Name,genre
Composer,Name,genre
Composer,Name,genre
Composer,Name,genre
Composer,Name,genre
Composer,Name,genre
Composer,Name,genre
Composer,Name,genre
Composer,Name,genre
Composer,Name,genre
Composer,Name,genre
Composer,Name,genre
Composer,Name,genre
Composer,Name,genre
Composer,Name,genre
Composer,Name,genre
Composer,Name,genre
Composer,Name,genre
Composer,Name,genre
Composer,Name,genre
Composer,Name,genre
Composer,Name,genre
Composer,Name,genre
Composer,Name,genre
Composer,Name,genre
Composer,Name,genre
Composer,Name,genre
Composer,Name,genre
Composer,Name,genre
Composer,Name,genre
Composer,Name,genre
Composer,Name,genre
Composer,Name,genre
Composer,Name,genre
Composer,Name,genre
Composer,Name,genre
Composer,Name,genre
Composer,Name,genre
Composer,Name,genre
Composer,Name,genre
Composer,Name,genre
Composer,Name,genre
Composer,Name,genre
Composer,Name,genre
Composer,Name,genre
Composer,Name,genre
Composer,Name,genre
Composer,Name,genre
Composer,Name,genre
Composer,Name,genre
Composer,Name,genre
Composer,Name,genre
Composer,Name,genre
Composer,Name,genre
Composer,Name,genre
Composer,Name,genre
Composer,Name,genre
Composer,Name,genre
Composer,Name,genre
Composer,Name,genre
Composer,Name,genre
Composer,Name,genre
Composer,Name,genre
Composer,Name,genre
Composer,Name,genre
Composer,Name,genre
Composer,Name,genre
Composer,Name,genre
Composer,Name,genre
Composer,Name,genre
Composer,Name,genre
Composer,Name,genre
Composer,Name,genre
Composer,Name,genre
Composer,Name,genre
Composer,Name,genre
Composer,Name,genre
Composer,Name,genre
Composer,Name,genre
Composer,Name,genre
Composer,Name,genre
Composer,Name,genre
Composer,Name,genre
Composer,Name,genre
Composer,Name,genre
Composer,Name,genre
Composer,Name,genre
Composer,Name,genre
Composer,Name,genre
Composer,Name,genre
Composer,Name,genre
Composer,Name,genre
Composer,Name,genre
Composer,Name,genre
Composer,Name,genre
Composer,Name,genre
Composer,Name,genre
Composer,Name,genre
Composer,Name,genre
Composer,Name,genre
Composer,Name,genre
Composer,Name,genre
Composer,Name,genre
Composer,Name,genre
Composer,Name,genre
Composer,Name,genre
Composer,Name,genre
Composer,Name,genre
Composer,Name,genre
Composer,Name,genre
Composer,Name,genre
Composer,Name,genre
Composer,Name,genre
Composer,Name,genre
Composer,Name,genre
Composer,Name,genre
Composer,Name,genre
Composer,Name,genre
Composer,Name,genre
Composer,Name,genre
Composer,Name,genre
Composer,Name,genre
Composer,Name,genre
Composer,Name,genre
Composer,Name,genre
Composer,Name,genre
Composer,Name,genre
Composer,Name,genre
Composer,Name,genre
Composer,Name,genre
Composer,Name,genre
Composer,Name,genre
Composer,Name,genre
Composer,Name,genre
Composer,Name,genre
Composer,Name,genre
Composer,Name,genre
Composer,Name,genre
Composer,Name,genre
Composer,Name,genre
Composer,Name,genre
Composer,Name,genre
Composer,Name,genre
Composer,Name,genre
Composer,Name,genre
Composer,Name,genre
Composer,Name,genre
Composer,Name,genre
Composer,Name,genre
Composer,Name,genre
Composer,Name,genre
Composer,Name,genre
Composer,Name,genre
Composer,Name,genre
Composer,Name,genre
Composer,Name,genre
Composer,Name,genre
Composer,Name,genre
Composer,Name,genre
Composer,Name,genre
Composer,Name,genre
Composer,Name,genre
Composer,Name,genre
Composer,Name,genre
Composer,Name,genre
Composer,Name,genre
Composer,Name,genre
Composer,Name,genre
Composer,Name,genre
Composer,Name,genre
Composer,Name,genre
Composer,Name,genre
Composer,Name,genre
Composer,Name,genre
Composer,Name,genre
Composer,Name,genre
Composer,Name,genre
Composer,Name,genre
Composer,Name,genre
Composer,Name,genre
Composer,Name,genre
Composer,Name,genre
Composer,Name,genre
Composer,Name,genre
Composer,Name,genre
Composer,Name,genre
Composer,Name,genre
Composer,Name,genre
Composer,Name,genre
Composer,Name,genre
Composer,Name,genre
Composer,Name,genre
Composer,Name,genre
Composer,Name,genre
Composer,Name,genre
Composer,Name,genre
Composer,Name,genre
Composer,Name,genre
Composer,Name,genre
Composer,Name,genre
Composer,Name,genre
Composer,Name,genre
Composer,Name,genre
Composer,Name,genre
Composer,Name,genre
Composer,Name,genre
Composer,Name,genre
Composer,Name,genre
Composer,Name,genre
Composer,Name,genre
Composer,Name,genre
Composer,Name,genre
Composer,Name,genre
Composer,Name,genre
Composer,Name,genre
Composer,Name,genre
Composer,Name,genre
Composer,Name,genre
Composer,Name,genre
Composer,Name,genre
Composer,Name,genre
Composer,Name,genre
Composer,Name,genre
Composer,Name,genre
Composer,Name,genre
Composer,Name,genre
Composer,Name,genre
Composer,Name,genre
Composer,Name,genre
Composer,Name,genre
Composer,Name,genre
Composer,Name,genre
Composer,Name,genre
Composer,Name,genre
Composer,Name,genre
Composer,Name,genre
Composer,Name,genre
Composer,Name,genre
Composer,Name,genre
Composer,Name,genre
Composer,Name,genre
Composer,Name,genre
Composer,Name,genre
Composer,Name,genre
Composer,Name,genre
Composer,Name,genre
Composer,Name,genre
Composer,Name,genre
Composer,Name,genre
Composer,Name,genre
Composer,Name,genre
Composer,Name,genre
Composer,Name,genre
Composer,Name,genre
Composer,Name,genre
Composer,Name,genre
Composer,Name,genre
Composer,Name,genre
Composer,Name,genre
Composer,Name,genre
Composer,Name,genre
Composer,Name,genre
Composer,Name,genre
Composer,Name,genre
Composer,Name,genre
Composer,Name,genre
Composer,Name,genre
Composer,Name,genre
Composer,Name,genre
Composer,Name,genre
Composer,Name,genre
Composer,Name,genre
Composer,Name,genre
Composer,Name,genre
Composer,Name,genre
Composer,Name,genre
Composer,Name,genre
Composer,Name,genre
Composer,Name,genre
Composer,Name,genre
Composer,Name,genre
Composer,Name,genre
Composer,Name,genre
Composer,Name,genre
Composer,Name,genre
Composer,Name,genre
Composer,Name,genre
Composer,Name,genre
Composer,Name,genre
Composer,Name,genre
Composer,Name,genre
Composer,Name,genre
Composer,Name,genre
Composer,Name,genre
Composer,Name,genre
Composer,Name,genre
Composer,Name,genre
Composer,Name,genre
Composer,Name,genre
Composer,Name,genre
Composer,Name,genre
Composer,Name,genre
Composer,Name,genre
Composer,Name,genre
Composer,Name,genre
Composer,Name,genre
Composer,Name,genre
Composer,Name,genre
Composer,Name,genre
Composer,Name,genre
Composer,Name,genre
Composer,Name,genre
Composer,Name,genre
Composer,Name,genre
Composer,Name,genre
Composer,Name,genre
Composer,Name,genre
Composer,Name,genre
Composer,Name,genre
Composer,Name,genre
Composer,Name,genre
Composer,Name,genre
Composer,Name,genre
Composer,Name,genre
Composer,Name,genre
Composer,Name,genre
Composer,Name,genre
Composer,Name,genre
Composer,Name,genre
Composer,Name,genre
Composer,Name,genre
Composer,Name,genre
Composer,Name,genre
Composer,Name,genre
Composer,Name,genre
Composer,Name,genre
Composer,Name,genre
Composer,Name,genre
Composer,Name,genre
Composer,Name,genre
Composer,Name,genre
Composer,Name,genre
Composer,Name,genre
Composer,Name,genre
Composer,Name,genre
Composer,Name,genre
Composer,Name,genre
Composer,Name,genre
Composer,Name,genre
Composer,Name,genre
Composer,Name,genre
Composer,Name,genre
Composer,Name,genre
Composer,Name,genre
Composer,Name,genre
Composer,Name,genre
Composer,Name,genre
Composer,Name,genre
Composer,Name,genre
Composer,Name,genre
Composer,Name,genre
Composer,Name,genre
Composer,Name,genre
Composer,Name,genre
Composer,Name,genre
Composer,Name,genre
Composer,Name,genre
Composer,Name,genre
Composer,Name,genre
Composer,Name,genre
Composer,Name,genre
Composer,Name,genre
Composer,Name,genre
Composer,Name,genre
Composer,Name,genre
Composer,Name,genre
Composer,Name,genre
Composer,Name,genre
Composer,Name,genre
Composer,Name,genre
Composer,Name,genre
Composer,Name,genre
Composer,Name,genre
Composer,Name,genre
Composer,Name,genre
Composer,Name,genre
Composer,Name,genre
Composer,Name,genre
Composer,Name,genre
Composer,Name,genre
Composer,Name,genre
Composer,Name,genre
Composer,Name,genre
Composer,Name,genre
Composer,Name,genre
Composer,Name,genre
Composer,Name,genre
Composer,Name,genre
Composer,Name,genre
Composer,Name,genre
Composer,Name,genre
Composer,Name,genre
Composer,Name,genre
Composer,Name,genre
Composer,Name,genre
Composer,Name,genre
Composer,Name,genre
Composer,Name,genre
Composer,Name,genre
Composer,Name,genre
Composer,Name,genre
Composer,Name,genre
Composer,Name,genre
Composer,Name,genre
Composer,Name,genre
Composer,Name,genre
Composer,Name,genre
Composer,Name,genre
Composer,Name,genre
Composer,Name,genre
Composer,Name,genre
Composer,Name,genre
Composer,Name,genre
Composer,Name,genre
Composer,Name,genre
Composer,Name,genre
Composer,Name,genre
Composer,Name,genre
Composer,Name,genre
Composer,Name,genre
Composer,Name,genre
Composer,Name,genre
Composer,Name,genre
Composer,Name,genre
Composer,Name,genre
Composer,Name,genre
Composer,Name,genre
Composer,Name,genre
Composer,Name,genre
Composer,Name,genre
Composer,Name,genre
Composer,Name,genre
Composer,Name,genre
Composer,Name,genre
Composer,Name,genre
Composer,Name,genre
Composer,Name,genre
Composer,Name,genre
Composer,Name,genre
Composer,Name,genre
Composer,Name,genre
Composer,Name,genre
Composer,Name,genre
Composer,Name,genre
Composer,Name,genre
Composer,Name,genre
Composer,Name,genre
Composer,Name,genre
Composer,Name,genre
Composer,Name,genre
Composer,Name,genre
Composer,Name,genre
Composer,Name,genre
Composer,Name,genre
Composer,Name,genre
Composer,Name,genre
Composer,Name,genre
Composer,Name,genre
Composer,Name,genre
Composer,Name,genre
Composer,Name,genre
Composer,Name,genre
Composer,Name,genre
Composer,Name,genre
Composer,Name,genre
Composer,Name,genre
Composer,Name,genre
Composer,Name,genre
Composer,Name,genre
Composer,Name,genre
Composer,Name,genre
Composer,Name,genre
Composer,Name,genre
Composer,Name,genre
Composer,Name,genre
Composer,Name,genre
Composer,Name,genre
Composer,Name,genre
Composer,Name,genre
Composer,Name,genre
Composer,Name,genre
Composer,Name,genre
Composer,Name,genre
Composer,Name,genre
Composer,Name,genre
Composer,Name,genre
Composer,Name,genre
Composer,Name,genre
Composer,Name,genre
Composer,Name,genre
Composer,Name,genre
Composer,Name,genre
Composer,Name,genre
Composer,Name,genre
Composer,Name,genre
Composer,Name,genre
Composer,Name,genre
Composer,Name,genre
Composer,Name,genre
Composer,Name,genre
Composer,Name,genre
Composer,Name,genre
Composer,Name,genre
Composer,Name,genre
Composer,Name,genre
Composer,Name,genre
Composer,Name,genre
Composer,Name,genre
Composer,Name,genre
Composer,Name,genre
Composer,Name,genre
Composer,Name,genre
Composer,Name,genre
Composer,Name,genre
Composer,Name,genre
Composer,Name,genre
Composer,Name,genre
Composer,Name,genre
Composer,Name,genre
Composer,Name,genre
Composer,Name,genre
Composer,Name,genre
Composer,Name,genre
Composer,Name,genre
Composer,Name,genre
Composer,Name,genre
Composer,Name,genre
Composer,Name,genre
Composer,Name,genre
Composer,Name,genre
Composer,Name,genre
Composer,Name,genre
Composer,Name,genre
Composer,Name,genre
Composer,Name,genre
Composer,Name,genre
Composer,Name,genre
Composer,Name,genre
Composer,Name,genre
Composer,Name,genre
Composer,Name,genre
Composer,Name,genre
Composer,Name,genre
Composer,Name,genre
Composer,Name,genre
Composer,Name,genre
Composer,Name,genre
Composer,Name,genre
Composer,Name,genre
Composer,Name,genre
Composer,Name,genre
Composer,Name,genre
Composer,Name,genre
Composer,Name,genre
Composer,Name,genre
Composer,Name,genre
Composer,Name,genre
Composer,Name,genre
Composer,Name,genre
Composer,Name,genre
Composer,Name,genre
Composer,Name,genre
Composer,Name,genre
Composer,Name,genre
Composer,Name,genre
Composer,Name,genre
Composer,Name,genre
Composer,Name,genre
Composer,Name,genre
Composer,Name,genre
Composer,Name,genre
Composer,Name,genre
Composer,Name,genre
Composer,Name,genre
Composer,Name,genre
Composer,Name,genre
Composer,Name,genre
Composer,Name,genre
Composer,Name,genre
Composer,Name,genre
Composer,Name,genre
Composer,Name,genre
Composer,Name,genre
Composer,Name,genre
Composer,Name,genre
Composer,Name,genre
Composer,Name,genre
Composer,Name,genre
Composer,Name,genre
Composer,Name,genre
Composer,Name,genre
Composer,Name,genre
Composer,Name,genre
Composer,Name,genre
Composer,Name,genre
Composer,Name,genre
Composer,Name,genre
Composer,Name,genre
Composer,Name,genre
Composer,Name,genre
Composer,Name,genre
Composer,Name,genre
Composer,Name,genre
Composer,Name,genre
Composer,Name,genre
Composer,Name,genre
Composer,Name,genre
Composer,Name,genre
Composer,Name,genre
Composer,Name,genre
Composer,Name,genre
Composer,Name,genre
Composer,Name,genre
Composer,Name,genre
Composer,Name,genre
Composer,Name,genre
Composer,Name,genre
Composer,Name,genre
Composer,Name,genre
Composer,Name,genre
Composer,Name,genre
Composer,Name,genre
Composer,Name,genre
Composer,Name,genre
Composer,Name,genre
Composer,Name,genre
Composer,Name,genre
Composer,Name,genre
Composer,Name,genre
Composer,Name,genre
Composer,Name,genre
Composer,Name,genre
Composer,Name,genre
Composer,Name,genre
Composer,Name,genre
Composer,Name,genre
Composer,Name,genre
Composer,Name,genre
Composer,Name,genre
Composer,Name,genre
Composer,Name,genre
Composer,Name,genre
Composer,Name,genre
Composer,Name,genre
Composer,Name,genre
Composer,Name,genre
Composer,Name,genre
Composer,Name,genre
Composer,Name,genre
Composer,Name,genre
Composer,Name,genre
Composer,Name,genre
Composer,Name,genre
Composer,Name,genre
Composer,Name,genre
Composer,Name,genre
Composer,Name,genre
Composer,Name,genre
Composer,Name,genre
Composer,Name,genre
Composer,Name,genre
Composer,Name,genre
Composer,Name,genre
Composer,Name,genre
Composer,Name,genre
Composer,Name,genre
Composer,Name,genre
Composer,Name,genre
Composer,Name,genre
Composer,Name,genre
Composer,Name,genre
Composer,Name,genre
Composer,Name,genre
Composer,Name,genre
Composer,Name,genre
Composer,Name,genre
Composer,Name,genre
Composer,Name,genre
Composer,Name,genre
Composer,Name,genre
Composer,Name,genre
Composer,Name,genre
Composer,Name,genre
Composer,Name,genre
Composer,Name,genre
Composer,Name,genre
Composer,Name,genre
Composer,Name,genre
Composer,Name,genre
Composer,Name,genre
Composer,Name,genre
Composer,Name,genre
Composer,Name,genre
Composer,Name,genre
Composer,Name,genre
Composer,Name,genre
Composer,Name,genre
Composer,Name,genre
Composer,Name,genre
Composer,Name,genre
Composer,Name,genre
Composer,Name,genre
Composer,Name,genre
Composer,Name,genre
Composer,Name,genre
Composer,Name,genre
Composer,Name,genre
Composer,Name,genre
Composer,Name,genre
Composer,Name,genre
Composer,Name,genre
Composer,Name,genre
Composer,Name,genre
Composer,Name,genre
Composer,Name,genre
Composer,Name,genre
Composer,Name,genre
Composer,Name,genre
Composer,Name,genre
Composer,Name,genre
Composer,Name,genre
Composer,Name,genre
Composer,Name,genre
Composer,Name,genre
Composer,Name,genre
Composer,Name,genre
Composer,Name,genre
Composer,Name,genre
Composer,Name,genre
Composer,Name,genre
Composer,Name,genre
Composer,Name,genre
Composer,Name,genre
Composer,Name,genre
Composer,Name,genre
Composer,Name,genre
Composer,Name,genre
Composer,Name,genre
Composer,Name,genre
Composer,Name,genre
Composer,Name,genre
Composer,Name,genre
Composer,Name,genre
Composer,Name,genre
Composer,Name,genre
Composer,Name,genre
Composer,Name,genre
Composer,Name,genre
Composer,Name,genre
Composer,Name,genre
Composer,Name,genre
Composer,Name,genre
Composer,Name,genre
Composer,Name,genre
Composer,Name,genre
Composer,Name,genre
Composer,Name,genre
Composer,Name,genre
Composer,Name,genre
Composer,Name,genre
Composer,Name,genre
Composer,Name,genre
Composer,Name,genre
Composer,Name,genre
Composer,Name,genre
Composer,Name,genre
Composer,Name,genre
Composer,Name,genre
Composer,Name,genre
Composer,Name,genre
Composer,Name,genre
Composer,Name,genre
Composer,Name,genre
Composer,Name,genre
Composer,Name,genre
Composer,Name,genre
Composer,Name,genre
Composer,Name,genre
Composer,Name,genre
Composer,Name,genre
Composer,Name,genre
Composer,Name,genre
Composer,Name,genre
Composer,Name,genre
Composer,Name,genre
Composer,Name,genre
Composer,Name,genre
Composer,Name,genre
Composer,Name,genre
Composer,Name,genre
Composer,Name,genre
Composer,Name,genre
Composer,Name,genre
Composer,Name,genre
Composer,Name,genre
Composer,Name,genre
Composer,Name,genre
Composer,Name,genre
Composer,Name,genre
Composer,Name,genre
Composer,Name,genre
Composer,Name,genre
Composer,Name,genre
Composer,Name,genre
Composer,Name,genre
Composer,Name,genre
Composer,Name,genre
Composer,Name,genre
Composer,Name,genre
Composer,Name,genre
Composer,Name,genre
Composer,Name,genre
Composer,Name,genre
Composer,Name,genre
Composer,Name,genre
Composer,Name,genre
Composer,Name,genre
Composer,Name,genre
Composer,Name,genre
Composer,Name,genre
Composer,Name,genre
Composer,Name,genre
Composer,Name,genre
Composer,Name,genre
Composer,Name,genre
Composer,Name,genre
Composer,Name,genre
Composer,Name,genre
Composer,Name,genre
Composer,Name,genre
Composer,Name,genre
Composer,Name,genre
Composer,Name,genre
Composer,Name,genre
Composer,Name,genre
Composer,Name,genre
Composer,Name,genre
Composer,Name,genre
Composer,Name,genre
Composer,Name,genre
Composer,Name,genre
Composer,Name,genre
Composer,Name,genre
Composer,Name,genre
Composer,Name,genre
Composer,Name,genre
Composer,Name,genre
Composer,Name,genre
Composer,Name,genre
Composer,Name,genre
Composer,Name,genre
Composer,Name,genre
Composer,Name,genre
Composer,Name,genre
Composer,Name,genre
Composer,Name,genre
Composer,Name,genre
Composer,Name,genre
Composer,Name,genre
Composer,Name,genre
Composer,Name,genre
Composer,Name,genre
Composer,Name,genre
Composer,Name,genre
Composer,Name,genre
Composer,Name,genre
Composer,Name,genre
Composer,Name,genre
Composer,Name,genre
Composer,Name,genre
Composer,Name,genre
Composer,Name,genre
Composer,Name,genre
Composer,Name,genre
Composer,Name,genre
Composer,Name,genre
Composer,Name,genre
Composer,Name,genre
Composer,Name,genre
Composer,Name,genre
Composer,Name,genre
Composer,Name,genre
Composer,Name,genre
Composer,Name,genre
Composer,Name,genre
Composer,Name,genre
Composer,Name,genre
Composer,Name,genre
Composer,Name,genre
Composer,Name,genre
Composer,Name,genre
Composer,Name,genre
Composer,Name,genre
Composer,Name,genre
Composer,Name,genre
Composer,Name,genre
Composer,Name,genre
Composer,Name,genre
Composer,Name,genre
Composer,Name,genre
Composer,Name,genre
Composer,Name,genre
Composer,Name,genre
Composer,Name,genre
Composer,Name,genre
Composer,Name,genre
Composer,Name,genre
Composer,Name,genre
Composer,Name,genre
Composer,Name,genre
Composer,Name,genre
Composer,Name,genre
Composer,Name,genre
Composer,Name,genre
Composer,Name,genre
Composer,Name,genre
Composer,Name,genre
Composer,Name,genre
Composer,Name,genre
Composer,Name,genre
Composer,Name,genre
Composer,Name,genre
Composer,Name,genre
Composer,Name,genre
Composer,Name,genre
Composer,Name,genre
Composer,Name,genre
Composer,Name,genre
Composer,Name,genre
Composer,Name,genre
Composer,Name,genre
Composer,Name,genre
Composer,Name,genre
Composer,Name,genre
Composer,Name,genre
Composer,Name,genre
Composer,Name,genre
Composer,Name,genre
Composer,Name,genre
Composer,Name,genre
Composer,Name,genre
Composer,Name,genre
Composer,Name,genre
Composer,Name,genre
Composer,Name,genre
Composer,Name,genre
Composer,Name,genre
Composer,Name,genre
Composer,Name,genre
Composer,Name,genre
Composer,Name,genre
Composer,Name,genre
Composer,Name,genre
Composer,Name,genre
Composer,Name,genre
Composer,Name,genre
Composer,Name,genre
Composer,Name,genre
Composer,Name,genre
Composer,Name,genre
Composer,Name,genre
Composer,Name,genre
Composer,Name,genre
Composer,Name,genre
Composer,Name,genre
Composer,Name,genre
Composer,Name,genre
Composer,Name,genre
Composer,Name,genre
Composer,Name,genre
Composer,Name,genre
Composer,Name,genre
Composer,Name,genre
Composer,Name,genre
Composer,Name,genre
Composer,Name,genre
Composer,Name,genre
Composer,Name,genre
Composer,Name,genre
Composer,Name,genre
Composer,Name,genre
Composer,Name,genre
Composer,Name,genre
Composer,Name,genre
Composer,Name,genre
Composer,Name,genre
Composer,Name,genre
Composer,Name,genre
Composer,Name,genre
Composer,Name,genre
Composer,Name,genre
Composer,Name,genre
Composer,Name,genre
Composer,Name,genre
Composer,Name,genre
Composer,Name,genre
Composer,Name,genre
Composer,Name,genre
Composer,Name,genre
Composer,Name,genre
Composer,Name,genre
Composer,Name,genre
Composer,Name,genre
Composer,Name,genre
Composer,Name,genre
Composer,Name,genre
Composer,Name,genre
Composer,Name,genre
Composer,Name,genre
Composer,Name,genre
Composer,Name,genre
Composer,Name,genre
Composer,Name,genre
Composer,Name,genre
Composer,Name,genre
Composer,Name,genre
Composer,Name,genre
Composer,Name,genre
Composer,Name,genre
Composer,Name,genre
Composer,Name,genre
Composer,Name,genre
Composer,Name,genre
Composer,Name,genre
Composer,Name,genre
Composer,Name,genre
Composer,Name,genre
Composer,Name,genre
Composer,Name,genre
Composer,Name,genre
Composer,Name,genre
Composer,Name,genre
Composer,Name,genre
Composer,Name,genre
Composer,Name,genre
Composer,Name,genre
Composer,Name,genre
Composer,Name,genre
Composer,Name,genre
Composer,Name,genre
Composer,Name,genre
Composer,Name,genre
Composer,Name,genre
Composer,Name,genre
Composer,Name,genre
Composer,Name,genre
Composer,Name,genre
Composer,Name,genre
Composer,Name,genre
Composer,Name,genre
Composer,Name,genre
Composer,Name,genre
Composer,Name,genre
Composer,Name,genre
Composer,Name,genre
Composer,Name,genre
Composer,Name,genre
Composer,Name,genre
Composer,Name,genre
Composer,Name,genre
Composer,Name,genre
Composer,Name,genre
Composer,Name,genre
Composer,Name,genre
Composer,Name,genre
Composer,Name,genre
Composer,Name,genre
Composer,Name,genre
Composer,Name,genre
Composer,Name,genre
Composer,Name,genre
Composer,Name,genre
Composer,Name,genre
Composer,Name,genre
Composer,Name,genre
Composer,Name,genre
Composer,Name,genre
Composer,Name,genre
Composer,Name,genre
Composer,Name,genre
Composer,Name,genre
Composer,Name,genre
Composer,Name,genre
Composer,Name,genre
Composer,Name,genre
Composer,Name,genre
Composer,Name,genre
Composer,Name,genre
Composer,Name,genre
Composer,Name,genre
Composer,Name,genre
Composer,Name,genre
Composer,Name,genre
Composer,Name,genre
Composer,Name,genre
Composer,Name,genre
Composer,Name,genre
Composer,Name,genre
Composer,Name,genre
Composer,Name,genre
Composer,Name,genre
Composer,Name,genre
Composer,Name,genre
Composer,Name,genre
Composer,Name,genre
Composer,Name,genre
Composer,Name,genre
Composer,Name,genre
Composer,Name,genre
Composer,Name,genre
Composer,Name,genre
Composer,Name,genre
Composer,Name,genre
Composer,Name,genre
Composer,Name,genre
Composer,Name,genre
Composer,Name,genre
Composer,Name,genre
Composer,Name,genre
Composer,Name,genre
Composer,Name,genre
Composer,Name,genre
Composer,Name,genre
Composer,Name,genre
Composer,Name,genre
Composer,Name,genre
Composer,Name,genre
Composer,Name,genre
Composer,Name,genre
Composer,Name,genre
Composer,Name,genre
Composer,Name,genre
Composer,Name,genre
Composer,Name,genre
Composer,Name,genre
Composer,Name,genre
Composer,Name,genre
Composer,Name,genre
Composer,Name,genre
Composer,Name,genre
Composer,Name,genre
Composer,Name,genre
Composer,Name,genre
Composer,Name,genre
Composer,Name,genre
Composer,Name,genre
Composer,Name,genre
Composer,Name,genre
Composer,Name,genre
Composer,Name,genre
Composer,Name,genre
Composer,Name,genre
Composer,Name,genre
Composer,Name,genre
Composer,Name,genre
Composer,Name,genre
Composer,Name,genre
Composer,Name,genre
Composer,Name,genre
Composer,Name,genre
Composer,Name,genre
Composer,Name,genre
Composer,Name,genre
Composer,Name,genre
Composer,Name,genre
Composer,Name,genre
Composer,Name,genre
Composer,Name,genre
Composer,Name,genre
Composer,Name,genre
Composer,Name,genre
Composer,Name,genre
Composer,Name,genre
Composer,Name,genre
Composer,Name,genre
Composer,Name,genre
Composer,Name,genre
Composer,Name,genre
Composer,Name,genre
Composer,Name,genre
Composer,Name,genre
Composer,Name,genre
Composer,Name,genre
Composer,Name,genre
Composer,Name,genre
Composer,Name,genre
Composer,Name,genre
Composer,Name,genre
Composer,Name,genre
Composer,Name,genre
Composer,Name,genre
Composer,Name,genre
Composer,Name,genre
Composer,Name,genre
Composer,Name,genre
Composer,Name,genre
Composer,Name,genre
Composer,Name,genre
Composer,Name,genre
Composer,Name,genre
Composer,Name,genre
Composer,Name,genre
Composer,Name,genre
Composer,Name,genre
Composer,Name,genre
Composer,Name,genre
Composer,Name,genre
Composer,Name,genre
Composer,Name,genre
Composer,Name,genre
Composer,Name,genre
Composer,Name,genre
Composer,Name,genre
Composer,Name,genre
Composer,Name,genre
Composer,Name,genre
Composer,Name,genre
Composer,Name,genre
