number of purchased albums,Country
number of purchased albums,Country
number of purchased albums,Country
number of purchased albums,Country
number of purchased albums,Country
number of purchased albums,Country
number of purchased albums,Country
number of purchased albums,Country
number of purchased albums,Country
number of purchased albums,Country
number of purchased albums,Country
number of purchased albums,Country
number of purchased albums,Country
number of purchased albums,Country
number of purchased albums,Country
number of purchased albums,Country
number of purchased albums,Country
number of purchased albums,Country
number of purchased albums,Country
number of purchased albums,Country
number of purchased albums,Country
number of purchased albums,Country
number of purchased albums,Country
number of purchased albums,Country
